,Company_Name,Job_Summary,Job_Title,Link,Location,Posting_Age
0,"
San Francisco Employees' Retirement System","Established in 1889 as a fund for families and orphans of firefighters and police officers, today the San Francisco Employees’ Retirement System serves more...",Senior Portfolio Manager – Private Equity,www.indeed.com/pagead/clk?mo=r&ad=-6NYlbfkN0D5BQuyEQF5VPTepQEMlmjqa8Q9qUEkZEgNhFw52y0z95uzIkGCxFlDmOUP8385YtUN7kDPdsvIMvWasEBWxQPWTyYpL8BCnlpr0aHd1KIR67_hpn6ivvOaz1WqAZTGb5ZEFeesMSB-zXHprvNDBJsNTeiOUZ3_yE2iQ362T82HxeCFDElKgg1EEAQnWavHbm-uiVP-7BdwF6pBIGDLSVCLaQnKAoTFjzm91H3l4a4kLPQDa_CSt0ENcfFLIkiYjkb8cTmNBsXfAYWqxiOXQD2TvWS0V1Yzz3Hh81OqR_7BeMP2UUT30IwEe8wv3HqT5hRnw_ftLJYPHxgmHAm9fVP-CGYlMiZAaS-mZMSrDNGKmBNk-gOX74cJBV3uN46pHaQW78zskzQLTEGe_VmAz0-YWYQbr0xPjaiBkRGi9ZFNd42lYqhEm8iWRm-eUaMLr68-58BueFzi3A==&p=1&sk=&fvj=0,"San Francisco, CA",No age found
1,"

Motorola Solutions","We help firefighters see around buildings and police officers see around street corners.. At Motorola Solutions, we help people be their best in the moments...","RF Network Systems Technologist - San Bruno, CA",www.indeed.com/pagead/clk?mo=r&ad=-6NYlbfkN0Dk4SAOkRj2qh8c0bq3DNnCqVpYO-iD86R3v91P7SScVpjeFmVykIb8fni_6wP90IvSRzUDAHqk8jN3W5anuoTiSgddWAekbD5_VXquijBneEiTPaOQyMHla8NrmalQEe8_GiRhwRVbiy2BzvDbuFkuogleLE4llVja_1huTc6ymLFQcz5mVFY-XBM6Hl8gUtmgQCcZrOKI1QWKPnIUYV04N1vXjOsUms7E29Bxme970xLX0REXAgGfdEPQsz4ILzVpsZtCOoO_-mtFwihcSALx559UmCZg_3F4aiKuBBn7RMVTbSeHfKcYlGLu1oAufIfxYYRxRyeDhkmMBBYvWU16coa6Och__0UulHhmGGDdt9mmeNDO0fflAYj7i3IacuB1Doj4ew7j_GKUKIhtWKswjaA-vguVnIOgukjts1PDlJ9i2DhUrt0MU0EfWDPLFbd_ZIkWV0QsSzCc1mwcggyJEVnYQHq2C5wQIdVfPUVobTj8LVhwxDrv&p=2&sk=&fvj=0,"San Bruno, CA",No age found
2,"

Delta Air Lines","Experience in a role ensuring the safety and/or care of others (teacher, military, EMT, firefighter, coach, law enforcement, lifeguard, nurse, Peace Corps, etc....",Flight Attendant,www.indeed.com/pagead/clk?mo=r&ad=-6NYlbfkN0C73I6xvg-FdENTBJhCXW88j8SdSPqKQg4CxL5nian3yQslwxY4Pi1SxUYRx1T4XWeqwmV2pBnEzlsOe0dsBI0oh2Sh58_OlP-Yhfolr9sMRjUdcbN639L1Fgm8HOVyj8Po-eIsHgnqQWtZC1Evdls3reNISOhYKrgLBZoJaIYk81Kduin4ZIRHYbxDJcjqtATzyjV0HONGm5dFPFpEvKiCsE34hqX7POSXCgDaqPjJYjHbHdSiwWJejRCoX3j-qJ-pz1tlifaWVAG-8DUkXZlqykIEl2rAr7kQZ1effu_kZ6Ihl-cyPg0jrEb1jGMiSBjAGAhsOjjN27NsDoSeT-c56h7sIdgSfM0gy0LM9-PlKBb5Fiz-hqVkuukl9qQMlMLm1Ejaf0XC1Al8LxUn-06LK6UHVhjpxlCPkDh3IvzAZyiGybzvTdgpjYFoaNA_RBBKXXaE0crFgGPcL4tI-07A&p=3&sk=&fvj=0,United States,No age found
3,"


City of Hayward
","
Time spent by Firefighter Trainees as trainees, will be counted toward their probationary period as Firefighters....",Firefighter Trainee,www.indeed.com/rc/clk?jk=342007f59eac392b&fccid=fb2a659497226786,"Hayward, CA 94544 (Tennyson-Alquire area)",6 days ago
4,"


City of Hayward
","
The Firefighter must complete the departments 6 week introductory Fire Academy, the Firefighter must successfully complete a probationary period of one year....",Firefighter (Lateral),www.indeed.com/rc/clk?jk=d3e88e82e3c46ac0&fccid=fb2a659497226786,"Hayward, CA 94544 (Tennyson-Alquire area)",6 days ago
5,"


SF Fire Credit Union
","
We’re proud of these roots, which trace back to 1951 when a small group of firefighters formed a member-owned financial cooperative for their fellow...",Collections Manager,www.indeed.com/rc/clk?jk=6cedec4332a1e194&fccid=6aa60285827fc226,"San Francisco, CA 94118 (Inner Richmond area)",6 days ago
6,"


Untied States Army
","
Criminal Investigations Special Agent, Firefighter, Internment/Resettlement Specialist, Army Judge Advocate Generals Corps Attorney, Military Police, Military...",US Army Legal and Law Enforcement Positions,www.indeed.com/company/U.S.-Army/jobs/US-Army-Legal-Law-Enforcement-Position-bc9eb6ba7c2dc419?fccid=c3b8389ba1f05d96,"Hayward, CA 94545 (Glen Eden area)",13 days ago
7,"


Untied States Army
","
Animal Care Specialist, Biomedical Equipment Specialist, Cardiovascular Specialist, Combat Medic Specialist, Dental Specialist, Ear Nose and Throat Specialist,...",US Army Medical and Emergency,www.indeed.com/company/U.S.-Army/jobs/US-Army-Medical-Emergency-565a1e3addbaddda?fccid=c3b8389ba1f05d96,"Hayward, CA 94545 (Glen Eden area)",13 days ago
8,"


City of Oakland, CA
","
They also investigate crimes such as burglary, robbery, assault, and disturbing the peace, and assist firefighters and emergency medical technicians....",Police Officer Trainee (180B),www.indeed.com/rc/clk?jk=d1788c48f7d1f24f&fccid=ecf39f312b86cb18,"Oakland, CA",30+ days ago
9,"


Town of Hillsborough
","
Completion of a Fire Academy or Firefighter 1 certification is highly desirable. You must apply via FCTC - link here for that information....",Firefighter/Paramedic,www.indeed.com/rc/clk?jk=d9fe38ec8c5dc2af&fccid=adffadba8ba83980,"Burlingame, CA 94010",10 days ago
10,"


Motorola Solutions
","
We help firefighters see around buildings and police officers see around street corners. At Motorola Solutions, we help people be their best in the moments that...","Sr System Engineer - San Bruno, CA",www.indeed.com/rc/clk?jk=37a3b319b0fee5c4&fccid=22ec6ef3cc441ac2,"San Bruno, CA",30+ days ago
11,"

Utility Construction Services, LLC
","
Optionally, 10+ years as a Firefighter with training in Confined Space, Trench Safety/Evacuation, OSHA Training and ideally experience as a Trainer within your...",Safety Manager & Loss Control Coordinator,"www.indeed.com/company/Alvah-Contractors,-Inc./jobs/Safety-Manager-Loss-Control-Coordinator-9ed83468bc018643?fccid=5706d73555f00e1c","South San Francisco, CA 94080",30+ days ago
12,"


City of Redwood City
","
The Redwood City Fire Department is seeking individuals for the 2018 Cadet Firefighter Program. The Cadet Program is designed to allow students an opportunity...",Cadet Firefighter #2474,www.indeed.com/rc/clk?jk=600be7f197b14a5c&fccid=f3427807a5254b72,"Redwood City, CA 94063",10 days ago
13,"
Utility Construction Services, LLC","Optionally, 10+ years as a Firefighter with training in Confined Space, Trench Safety/Evacuation, OSHA Training and ideally experience as a Trainer within your...",Safety Manager & Loss Control Coordinator,www.indeed.com/pagead/clk?mo=r&ad=-6NYlbfkN0D1lpMbNjzjMk7W9rTso-dJPJYN6CcQplrTTQf5HePYXxBbyeSqinWnRANcbfa_1PdxzTdh2WDcTiYT3Ww449q8eC41xjPnwiiDWlU7tbzW9KgP-n6xWNyx_LzO8Mk0CJjdPH0_e0fMquHG91z6CEpgQUqvfCTHHhcRkakiwCyd_vURm1CEmVpsPhXjSuAH0P9_uWaFx9j9EVr77sErHgZUTFk15FuS3PuOZPRTV3bAol8gYAuJti9urVLl2gcz_lbohqXKfAX1WthJpzaLNA-asaJnh_ffIdUQrKEzz9Vss-AewRWRMvAXylFxlYbclpTvFDEMwJYa85xXGGiR7yox5gPeKfQvWaQuf2LuHWR5RlkJ6sgX2aG5yLnaD_zc6S1XNpjqCOK3Xk4zV4f9MY9r5Ga_btd1i_upQuz1L5DeazIHs-1QPRRw-iHhz7L3iaw4I9xHvWv7eoAXMTBDXDIAMrvexWQPT8Y=&p=4&sk=&fvj=1,"South San Francisco, CA 94080",No age found
14,"
San Francisco Employees' Retirement System","Established in 1889 as a fund for families and orphans of firefighters and police officers, today the San Francisco Employees’ Retirement System serves more...",Managing Director of Public Markets,www.indeed.com/pagead/clk?mo=r&ad=-6NYlbfkN0D5BQuyEQF5VPTepQEMlmjqa8Q9qUEkZEgNhFw52y0z95uzIkGCxFlDayy-D2O4M21DKo_AgSJOmrU-2NkK3f0DaIiTrUwzGYzbR2ZwXqZcZTaGePb9AjwKkEhiuMIN2o0SMRMcI0AO9fZ-lD_kcdPcfHrb5gawXuQ3ZFu4_KV1zKQz-FdJSdjPmbdgDaNvm9J_zI4XQCu6Z5Zda-To144v75EJMuBX4URJ_oBIkMIRuBNXaZrJcaGiSUc8lNzfcKj2qy55zsR8J91A_oWS0iaXl_CqWoMg2TRRElYDBlaVntee5doX0zCMCTaZrIJDqe3g3QHSS0TEUrudZ8fu_IviIciF9bm63ZkEKB6fgwCR5r7fD5SQmFUYVvutFGWkZNSTAApY4APBkvNUICYPrSQZOFlZ5Y-tghMmOobhNaET5Z0LlDHp9RxnR_BWGOb8wWCzIRjI1Y-op9JBzFQt234u&p=5&sk=&fvj=0,"San Francisco, CA",No age found
15,"
Utility Construction Services, LLC","Optionally, 10+ years as a Firefighter with training in Confined Space, Trench Safety/Evacuation, OSHA Training and ideally experience as a Trainer within your...",Safety Manager & Loss Control Coordinator,www.indeed.com/pagead/clk?mo=r&ad=-6NYlbfkN0D1lpMbNjzjMk7W9rTso-dJPJYN6CcQplrTTQf5HePYXxBbyeSqinWnRANcbfa_1PdxzTdh2WDcTiYT3Ww449q8eC41xjPnwiiDWlU7tbzW9KgP-n6xWNyx_LzO8Mk0CJjdPH0_e0fMquHG91z6CEpgQUqvfCTHHhe8xIxwXMqbe-dvxcXflzqBGm4odDPpKsrZ8oiN5etDTqMWjWxWP6-gwAdUai5Sm03Z68k7YMRTj6iNDE6x42Y-oDat7Nf0607JvPU8ixVHbi-wsfnkGrJ3bSdX5q5F_OXbQ-vYbPmHqPvh4j31K9CjtllzML3fE1_MabpY1oUvFjmFEzzVqdTRD6KfGep0RT5CQ8nu8iljxnZ-NHJgQnwtP1R4P0gSWcxUAxl0K029EyACljSRGt6cwaOEGlnesdnXDC3iVtxDS69951ldOhmpYz_-sQ5ZPIuv3N-V7ktlnYbj6F98ETq9bKNdZTrJd4c=&p=1&sk=&fvj=1,"South San Francisco, CA 94080",No age found
16,"
San Francisco Employees' Retirement System","Established in 1889 as a fund for families and orphans of firefighters and police officers, today the San Francisco Employees’ Retirement System serves more...",Senior Portfolio Manager – Private Equity,www.indeed.com/pagead/clk?mo=r&ad=-6NYlbfkN0D5BQuyEQF5VPTepQEMlmjqa8Q9qUEkZEgNhFw52y0z95uzIkGCxFlDmOUP8385YtUN7kDPdsvIMvWasEBWxQPWTyYpL8BCnlpr0aHd1KIR67_hpn6ivvOaz1WqAZTGb5ZEFeesMSB-zXHprvNDBJsNKaRCQ5IDz02IcskLm4Zr89XC9WBcF-Sns5mzVSl_U3YYb9MnBL_sj07cynIJCfNd-hsoBxHVEALNUqLbm01rYua47Kkm8hOxm03AmCD7fZFztkGTGO9SstQOkF7b5-6Juc_MbCeyRJh5nmaOnbruG2_AJWguUXn4u8s5mI9Vc7N8fwUwgQgYzkqDhLXrSkE5SqVua_KXgVr4BP93oYrZZue6XsYIRcBiH9cVWXTXJDsF0Znpo0B1grJCd_APda5fmdWfulfsWC81hWjc5vWZp8yScAmlvyN701PnqreaZD0Ob21pzx_F3g==&p=2&sk=&fvj=0,"San Francisco, CA",No age found
17,"

Swords to Plowshares Employment & Training
","
NURSE, or FIREFIGHTER?*. Are you a veteran interested in a career as a*....",Veterans Interested in becoming Emergency Medical Technicians,www.indeed.com/company/Swords-to-Plowshares-Employment-&-Training/jobs/Veteran-Interested-Becoming-Emergency-Medical-Technician-851342e42f079cd5?fccid=35ec5ab64403a115,"San Francisco, CA",11 days ago
18,"


City of San Mateo
","
The Cities of Foster City, San Mateo and Belmont will be accepting applications for the position of Lateral Paramedic Firefigher/Engineer. Please click on the ...",Lateral Paramedic Firefighter/Engineer,www.indeed.com/rc/clk?jk=2a621a05e766e111&fccid=24369d126d3b2f24,"San Mateo, CA 94403 (Sugerloaf area)",7 days ago
19,"

Smartly
","
You’ll be a front line firefighter and a system builder, making sure all the valuable information from the customers is being heard and turned into action....",Service Operations Engineer,www.indeed.com/rc/clk?jk=35fadced8a1ad31f&fccid=ca66d386e356285a,"San Francisco, CA",11 days ago
20,"


SF Fire Credit Union
","
We’re proud of these roots, which trace back to 1951 when a small group of firefighters formed a member-owned financial cooperative for their fellow...",Real Estate Loan Closing and Servicing Specialist,www.indeed.com/rc/clk?jk=eb996fb057c66297&fccid=6aa60285827fc226,"San Francisco, CA 94118 (Inner Richmond area)",13 days ago
21,"


Unity Technologies
","
Diplomat, coach, reporter, translator, firefighter. Unity powers over half of all the world’s games and over two thirds of the world’s VR and AR products....",Technical Project Manager,www.indeed.com/rc/clk?jk=6f5cfa60ba1b360e&fccid=880e4714f2ad94a8,"San Francisco, CA 94107 (South Of Market area)",18 days ago
22,"

KQED Inc.
","
In the midst of climate change, how are firefighters across California battling massive wildfires? How are Californians responding to the latest policy changes...","Anchor / Reporter, KQED News",www.indeed.com/rc/clk?jk=ca43388829edc982&fccid=4b51d4f1244c83a0,"San Francisco, CA",30+ days ago
23,"

San Francisco Employees' Retirement System
","
Established in 1889 as a fund for families and orphans of firefighters and police officers, today the San Francisco Employees’ Retirement System serves more...",Managing Director of Public Markets,www.indeed.com/rc/clk?jk=3d095f94fe418dfa&fccid=5554b204b96bc023,"San Francisco, CA",30+ days ago
24,"


SF Fire Credit Union
","
We’re proud of these roots, which trace back to 1951 when a small group of firefighters formed a member-owned financial cooperative for their fellow...",Call Center Representative - Credit Union,www.indeed.com/rc/clk?jk=ed871f73ee16d3b8&fccid=6aa60285827fc226,"San Francisco, CA 94103 (South Of Market area)",19 days ago
25,"


City of San Bruno
","
The Department includes 35 full-time employees comprised of a Fire Chief, four Battalion Chiefs, nine Captains, twenty firefighters, and one non-sworn...",Fire Chief,www.indeed.com/rc/clk?jk=3fab187b776a2ff3&fccid=1999ded6dfc768c3,"San Bruno, CA 94066",19 days ago
26,"


City of Dublin
","
Whenever such large incidents occur, volunteers are called upon to assist professional responders such as police officers, firefighters, building inspectors,...",Disaster Service Volunteer,www.indeed.com/rc/clk?jk=037ec458c9387799&fccid=901e4af3970f6f3b,"Dublin, CA 94568",4 days ago
27,"
San Francisco Employees' Retirement System","Established in 1889 as a fund for families and orphans of firefighters and police officers, today the San Francisco Employees’ Retirement System serves more...",Managing Director of Public Markets,www.indeed.com/pagead/clk?mo=r&ad=-6NYlbfkN0D5BQuyEQF5VPTepQEMlmjqa8Q9qUEkZEgNhFw52y0z95uzIkGCxFlDayy-D2O4M21DKo_AgSJOmrU-2NkK3f0DaIiTrUwzGYzbR2ZwXqZcZTaGePb9AjwKkEhiuMIN2o0SMRMcI0AO9fZ-lD_kcdPcKSrGGSnHcQ-76f6iiK1_zHk1cvGCqAPBM0ZRMtzAHc0LCmmuSIZ42esHlWaor1MAHZyDI87vvfXyLXJ1i-QleFswuQ7ZsNtBMJTt1U7hOnbwjNuYlShEpxNxUWPZirOlYXipDvpGMp5LFaE3C7ZRnkho0FiZQbScRHwyxJ4JKn73U4U9edt3Fa3i3KPem-ylZ1HXqUM8WQ9fhSFCosVaAb3oBQn-P2Ps8YQZrsI5OTX1CgCXnv-l0kn8rZQ-nyegXI5BNrzNyiO4SwkNkBBvvWHPCWwmjYbSyP1Yzr1I8Y7EVhs69yKjOLvn8rVbEqtW&p=3&sk=&fvj=0,"San Francisco, CA",No age found
28,"

Motorola Solutions","We help firefighters see around buildings and police officers see around street corners.. At Motorola Solutions, we help people be their best in the moments...","RF Network Systems Technologist - San Bruno, CA",www.indeed.com/pagead/clk?mo=r&ad=-6NYlbfkN0Dk4SAOkRj2qh8c0bq3DNnCqVpYO-iD86R3v91P7SScVpjeFmVykIb8fni_6wP90IvSRzUDAHqk8jN3W5anuoTiSgddWAekbD5_VXquijBneEiTPaOQyMHla8NrmalQEe8_GiRhwRVbiy2BzvDbuFkuWgI3vJaZV8gsMoAZZCIisDRG8sgIsoQ9v2GOrzEPU9NP4_uY4kkC_CX-jQOnoRaJRAJXsNp4fwz8b8dAWjqqlJh39XfcIdAEJq2WQIDdZm-4X0mf3ZgQSF03LQrhDsnzBOPi2tblYFIi-N97zTn1SYsQJgfZS_QiigLNSBQ7KmNqCNd6z4KbLyNVbMEQIKvkvyrBIBPONopqg4_E9JMaEw7i5UJT9_4Yrx8Hj_EM3x5ekaV6D611-cG4eBabaqpMFuSu1I8H201NPrh4_eQR1uEwaEjO1FNezgzQaew_TOLq4IPAsXMLPujQCaDW_F97GfL6H_kEnrGgAbaBoqYoY6630VSYUwB_&p=4&sk=&fvj=0,"San Bruno, CA",No age found
29,"

Delta Air Lines","Experience in a role ensuring the safety and/or care of others (teacher, military, EMT, firefighter, coach, law enforcement, lifeguard, nurse, Peace Corps, etc....",Flight Attendant,www.indeed.com/pagead/clk?mo=r&ad=-6NYlbfkN0C73I6xvg-FdENTBJhCXW88j8SdSPqKQg4CxL5nian3yQslwxY4Pi1SxUYRx1T4XWeqwmV2pBnEzlsOe0dsBI0oh2Sh58_OlP-Yhfolr9sMRjUdcbN639L1Fgm8HOVyj8Po-eIsHgnqQWtZC1Evdls32x4mlv1sghnvgZ9MeZOnFkI8gEQLl8KzFJAdChMRahIu2hTxkUDVoz_y7_32SsfS2KVLO-g9MAXcwh7qj9BFflGGd2X7hxKMcG3TnCSdiohzMOr4L2LIImOUeYVN-EZ4MFoE1IitTGMHsQzsxC-J8y16Z0MEdqdirzvdcuV9ip4PRzOChQ0B5PRaOu7LEb2IWROLcT2-lZzcCzAyU_NHG1sL3drxKaoitS58W3vNKC2H-xRv0ORro9iDmzYuaUffL8D4KjJHWoLwtxBiL4uZnpBzaU69nePif9vGMrQZJTw80DemPSUFkErzQ5KpuyJq&p=5&sk=&fvj=0,United States,No age found
30,"
Utility Construction Services, LLC","Optionally, 10+ years as a Firefighter with training in Confined Space, Trench Safety/Evacuation, OSHA Training and ideally experience as a Trainer within your...",Safety Manager & Loss Control Coordinator,www.indeed.com/pagead/clk?mo=r&ad=-6NYlbfkN0D1lpMbNjzjMk7W9rTso-dJPJYN6CcQplrTTQf5HePYXxBbyeSqinWnRANcbfa_1PdxzTdh2WDcTiYT3Ww449q8eC41xjPnwiiDWlU7tbzW9KgP-n6xWNyx_LzO8Mk0CJjdPH0_e0fMquHG91z6CEpgQUqvfCTHHhexYvt827PVrYSV52Z_HWZCcCbyl4Tl_sEgf2dVCvuzUOCH8N6AEU8-xW9MKp-RUv07PzNCf_PLJSPBbOIz-TiMuDjI58OPqMj4f7F8Sc2ASYhFa8xhxCOcteqrQMxw6QWWZaZYDgzOgV5N6cat6MxjJviHn48uEDcbakcehtiue45HC5SlbYU_gtC-1QvrwQMdyCRF2Qf9kB1OTOYK62mrGoG-9YokFpjC9ZXeHxqD3fwAadsujAAP75rIyfnGtnLyR-rbsUJXUJuGmH9ambmsfIB9EywYUlU0kwAJRjrIwkLBj5_Wu1WVyOaaYwrkkNU=&p=1&sk=&fvj=1,"South San Francisco, CA 94080",No age found
31,"
San Francisco Employees' Retirement System","Established in 1889 as a fund for families and orphans of firefighters and police officers, today the San Francisco Employees’ Retirement System serves more...",Senior Portfolio Manager – Private Equity,www.indeed.com/pagead/clk?mo=r&ad=-6NYlbfkN0D5BQuyEQF5VPTepQEMlmjqa8Q9qUEkZEgNhFw52y0z95uzIkGCxFlDmOUP8385YtUN7kDPdsvIMvWasEBWxQPWTyYpL8BCnlpr0aHd1KIR67_hpn6ivvOaz1WqAZTGb5ZEFeesMSB-zXHprvNDBJsNmh57kY7i10RbmEbpVGuzoh7qa6IxzqzdNlQllrrxhE7M6SYFKjVaU6rFzeGO4utplh30LgNejL5Okaq8ioAFXdi9wZq-2tEeLzGlIMQbTTmlbJCgMT4Dc65d9_j-9RhWx7Ow__zFFPwrGVEZCrKrjWO6mhwbsYLGHppYMi6mkdtxiDDgaHKtLiKX2FgQr1Kl7AWHv1DUBLLTnVWT5IdDgF3LR47HzrBkT0HOiKpNqAyx0keOgi-TvlK6iNIpt1JMRJ2kX8XkkozAizq36c13sIaR_TVud5eu89wNT3bPXwYCZf-4Amkd1Q==&p=2&sk=&fvj=0,"San Francisco, CA",No age found
32,"


G4S
","
Graduate of a Certified Public Safety Academy (military or civilian) in the law enforcement, adult corrections, or firefighter field....",Multiple Site Security Officer CPO,www.indeed.com/rc/clk?jk=4cc6cf3eafed3b84&fccid=95fcff06e59f4033,"San Francisco, CA 94104 (Financial District area)",17 days ago
33,"


City of Daly City
","
Or related code enforcement activities or two years as a firefighter. Applications accepted until Monday, October 16, 2017....",Lateral Safety Inspector II,www.indeed.com/rc/clk?jk=f3edf876e6d5c0fa&fccid=c1c2b3d733dbf55f,"Daly City, CA 94015",20 days ago
34,"


Square
","
Act as a permanent firefighter. As an Android engineer on the Mobile Developer Experience team at Square, you will help design and build some of the most...","Software Engineer, Mobile Developer Experience (Android)",www.indeed.com/rc/clk?jk=548a8f4fa066eae3&fccid=09abad886b83c501,"San Francisco, CA 94103 (South Of Market area)",4 days ago
35,"


Square
","
Act as a permanent firefighter. As an iOS engineer on the Mobile Developer Experience team at Square, you will help design and build some of the most important...","Software Engineer, Mobile Developer Experience (iOS)",www.indeed.com/rc/clk?jk=8fcd5b4b917ad081&fccid=09abad886b83c501,"San Francisco, CA 94103 (South Of Market area)",4 days ago
36,"

Lead the Way - Home Savings Program
","
Veterans, LEOs, Firefighters, Teachers, Doctors/Nurses, Ministers, and all supporting personnel get 25% back....",Lead Gen Partner - Real Estate,www.indeed.com/company/National-Real-Estate-Associates/jobs/Lead-Gen-Partner-1a5fab6672bcec21?fccid=4e2f054150eaa8f6,"San Francisco, CA 94114 (Castro-Upper Market area)",18 days ago
37,"

Studio Search, LLC
","
Diplomat, coach, reporter, translator, firefighter. Unity powers over half of all the world’s games and over two thirds of the world’s VR and AR products....",Technical Project Manager,www.indeed.com/rc/clk?jk=75f700c41d640d1c&fccid=cd7c7b9990d07f66,"San Francisco, CA",18 days ago
38,"


SF Fire Credit Union
","
We’re proud of these roots, which trace back to 1951 when a small group of firefighters formed a member-owned financial cooperative for their fellow...",Credit Union Teller,www.indeed.com/rc/clk?jk=72a0f0fc100a9f6f&fccid=6aa60285827fc226,"San Francisco, CA 94118 (Inner Richmond area)",30+ days ago
39,"

San Francisco Employees' Retirement System
","
Established in 1889 as a fund for families and orphans of firefighters and police officers, today the San Francisco Employees’ Retirement System serves more...",Senior Portfolio Manager – Private Equity,www.indeed.com/rc/clk?jk=42e21a335fee080f&fccid=5554b204b96bc023,"San Francisco, CA",30+ days ago
40,"


SF Fire Credit Union
","
We’re proud of these roots, which trace back to 1951 when a small group of firefighters formed a member-owned financial cooperative for their fellow...",New Accounts Representative (Bank Teller),www.indeed.com/rc/clk?jk=8f0b8fbc9a90fc5a&fccid=6aa60285827fc226,"San Francisco, CA 94118 (Inner Richmond area)",30+ days ago
41,"


Motorola Solutions
","
We help firefighters see around buildings and police officers see around street corners.. At Motorola Solutions, we help people be their best in the moments...","RF Network Systems Technologist - San Bruno, CA",www.indeed.com/rc/clk?jk=d8226f4e8dfb247b&fccid=22ec6ef3cc441ac2,"San Bruno, CA",30+ days ago
42,"
San Francisco Employees' Retirement System","Established in 1889 as a fund for families and orphans of firefighters and police officers, today the San Francisco Employees’ Retirement System serves more...",Managing Director of Public Markets,www.indeed.com/pagead/clk?mo=r&ad=-6NYlbfkN0D5BQuyEQF5VPTepQEMlmjqa8Q9qUEkZEgNhFw52y0z95uzIkGCxFlDayy-D2O4M21DKo_AgSJOmrU-2NkK3f0DaIiTrUwzGYzbR2ZwXqZcZTaGePb9AjwKkEhiuMIN2o0SMRMcI0AO9fZ-lD_kcdPc6Ms7gnlTQOJmGJdsDgnMYMMavgngWEX2eKZPbuRjb6nNZ6UjZlZ4B75nktkZUOgWovOn7iIHsvCtnyyVL6J122cGd_IcDrb17f2SEy-DTWyaX7vYO6etP0nMoZvlxTc4mg3P1Y26E2CDJAMWfhVifeznimT_NzVaD-ROwr7iC1acL1IIHBkjISRhT80HcAvQGtyy-Kzj_h1gwMyEFgVT07tGDbEWcQ3CPpwU5r30-117B7-JXjEoLgS7K2pngW7hNeuE33ztBL0yEhyAA3ex-qdiePH09z89lbrJ3O8R_w5uSTsd5HcJG4p2Q6YA5e8v&p=3&sk=&fvj=0,"San Francisco, CA",No age found
43,"

Motorola Solutions","We help firefighters see around buildings and police officers see around street corners.. At Motorola Solutions, we help people be their best in the moments...","RF Network Systems Technologist - San Bruno, CA",www.indeed.com/pagead/clk?mo=r&ad=-6NYlbfkN0Dk4SAOkRj2qh8c0bq3DNnCqVpYO-iD86R3v91P7SScVpjeFmVykIb8fni_6wP90IvSRzUDAHqk8jN3W5anuoTiSgddWAekbD5_VXquijBneEiTPaOQyMHla8NrmalQEe8_GiRhwRVbi91eMBuMVFXVNtmCgoutgJ71dBeAAkeTb1j1TZhtf4v22H0-ygN2TMOuFOQ1rDvPCTzW0z1UA1dAe4PHAD593lxDhJafbVLMFE0388d2r9Sfw-UOpPgzY0rOGb4_S6T1SDOPXrVTb2trBmjqZTlNMc3ovImXilolD_dG2uqgTb0G8l97DI8d3ftqGMLUXFvUfeDcyBzNKIYJYo5BBiDnih666qBEJ2XWqYaw-BxUl29Q3d3Sx-yWr5goFw_bcf7kip7FGVv9ywL_C73_uN48nr6yf9KLALw1QJbXwgdFP9MmQz0B3rXBTwL074xSU_Z51GOcoQD6XavTYGR0JbhayxEgLaaHnkd5Ruv-IqpFiXY5&p=4&sk=&fvj=0,"San Bruno, CA",No age found
44,"

Delta Air Lines","Experience in a role ensuring the safety and/or care of others (teacher, military, EMT, firefighter, coach, law enforcement, lifeguard, nurse, Peace Corps, etc....",Flight Attendant,www.indeed.com/pagead/clk?mo=r&ad=-6NYlbfkN0C73I6xvg-FdENTBJhCXW88j8SdSPqKQg4CxL5nian3yQslwxY4Pi1SxUYRx1T4XWeqwmV2pBnEzlsOe0dsBI0oh2Sh58_OlP-Yhfolr9sMRjUdcbN639L1Fgm8HOVyj8Po-eIsHgnqQRPQv0uxWn0Ez-CtNpXfoZuKMfy33-r-8KoBdxlnDAJcZI2qae6oyy8x3uOH1bAFbqJo4yqHLrzoZ8c4CEXzlv5KTQD7K4WCrWzk4wrrRPBx7TdO-LLDSGPwfM-2TcZNlQ15FqiUM9omBgXX8lcC4UyK0ag9F4bb7N3snOOnZa_kFFyRbttNxqmIBT5-1fp2oi09sz7mVlXoHmFdh4wwEwYRuHbVAywOMwkoVPRLDheMlmWySvEbNnj1F9-a-JsaqGMCQZWbFfIcQj7NVwX6nzsSjvocWOOB686OXg9I98MXfr4x3S1GdFJwFX-UGms2-h9IkQqDKTjl&p=5&sk=&fvj=0,United States,No age found
